commitment_id,title,entity_id,beneficiary,legal_basis,decision_date,start_year,end_year,total_envelope_eur,cash_by_year,remaining_eur,status,evaluation_url,stated_goal,cut_option,source_id,confidence,hierarchy_path,notes
cmt_vrt_dotatie_2026_2030,VRT basistoelage / public broadcaster dotation,vlaanderen_gov,VRT,Beheersovereenkomst VRT 2026-2030 (Mediadecreet art. 16),2025-07-18,2026,2030,1482000000,"{""2026"":296400000,""2027"":296400000,""2028"":296400000,""2029"":296400000,""2030"":296400000}",1185600000,active,,Public media remit / news and culture reach,Review remit efficiency; not automatic abolish,src_vl_vrt_dotatie_pq,strong,Vlaanderen>CJSM>Media>VRT,"Base 296.4 mEUR/yr from PQ/BHO; cash_by_year FLAT ILLUSTRATIVE (indexation/cuts may change). Total 5*296.4m."
cmt_rtbf_dotatie_2025,RTBF ordinary public dotation (FWB),fwb_gov,RTBF,Contrat de gestion RTBF / avenant,2025-01-01,2025,2027,1052400000,"{""2025"":350800000,""2026"":350800000,""2027"":350800000}",,active,,Public media FR community,Efficiency plan 132m 2025-2028; remit review,src_rtbf_dot_2025,strong,FWB>Media>RTBF,"Ordinary dotation 350.8 mEUR (annual report / press); multi-year flat illustrative for 3y model; savings plan may reduce path"
cmt_jobbonus_2026,Jobbonus (in-work benefit),vlaanderen_gov,Eligible workers,Vlaams regeerakkoord / BO2026,2025-09-22,2026,2026,228000000,"{""2026"":228000000}",0,active,,Make work pay,Keep if federal wedge reform substitutes; evaluate deadweight,src_vl_centenboekje_bo2026,strong,Vlaanderen>WEWIL>Jobbonus,"Single-year BO2026 VEK line 228m"
cmt_oosterweel_2026,Oosterweel BO2026 annual correction line,vlaanderen_gov,Lantis / Oosterweel,BO2026 balance-target correction,2025-09-22,2026,2026,889859000,"{""2026"":889859000}",,active,,Antwerp ring annual budget correction,Part of multi-year project,src_vl_centenboekje_bo2026,strong,Vlaanderen>MOW>Oosterweel,Table 2-1 Oosterweel BO2026 889859 kEUR only
cmt_oosterweel_total,Oosterweel full project cost envelope,vlaanderen_gov,Lantis / Oosterweel,Flemish Oosterweel programme,2018-01-01,2018,2030,7200000000,"{""2026"":889859000}",,active,,Complete Antwerp ring Oosterweel link,CBA transparency no scope creep,src_oosterweel_7_2bn,strong,Vlaanderen>MOW>Oosterweel,Total about EUR 7.2bn VRT 2024; not sum of single budget year
cmt_relance_vv_2026,Relanceplan Vlaamse Veerkracht (BO2026 uitgaven correctie),vlaanderen_gov,Multiple VV projects,EU RRF / Vlaamse Veerkracht,2025-09-22,2026,2026,436397000,"{""2026"":436397000}",,active,,Recovery/resilience investments,Sunset with RRF end; publish project ROI,src_vl_centenboekje_bo2026,strong,Vlaanderen>Relance>VV,"Annual BO2026 line; part of larger BE RRF"
cmt_rrf_belgium,Belgium Recovery and Resilience Facility grants envelope,gg_belgium,Multiple BE RRF projects,EU RRF / NRRP Belgium,,2021,2026,5300000000,"{""disbursed_end_2025"":3300000000}",2000000000,active,https://www.nbb.be/doc/dq/e/dq3/neco.pdf,EU recovery grants,Complete milestones; no roll-forward soft budget,src_nbb_edp_2025_apr,strong,BE>EU>RRF,"NAI EDP PR: planned 5.3bn grants; 3.3bn disbursed end-2025; multi-year EU co-financing"
cmt_dienstencheques_cut_2026,Dienstencheques â€” BO2026 effort line (not full scheme cost),vlaanderen_gov,Dienstencheque sector / users,Regeerakkoord inspanningen,2025-09-22,2026,2026,151438000,"{""2026"":151438000}",,active,,Labour market household services support,FOI full scheme TCO; price/tax changes ongoing,src_vl_centenboekje_bo2026,medium,Vlaanderen>WEWIL>Dienstencheques,"Reform effort not full annual subsidy TCO"
cmt_subsidy_efficiency_pkg_2026,Package: subsidies and efficient government (cuts),vlaanderen_gov,Multiple subsidy recipients,BO2026 measures,2025-09-22,2026,2026,350000000,"{""2026"":350000000}",0,planned,,Fiscal consolidation via subsidy cuts,Track which lines cut publicly,src_vl_centenboekje_bo2026,strong,Vlaanderen>cross-cutting>subsidies,"Aggregate cut target 350m"
cmt_gent_ntgent,NTGent werkingssubsidie + investeringssubsidie (Stad Gent),city_gent,NTGent,Cultuursubsidiebesluit Stad Gent,2026-05-28,2026,2031,15526368,"{""2026"":2587728,""2027"":2587728,""2028"":2587728,""2029"":2587728,""2030"":2587728,""2031"":2587728}",12938640,active,,Municipal theatre public culture,Publish outcomes; periodic open call,src_gent_ntgent_hln,strong,Gent>Cultuur>NTGent,"2.328m+0.26m/yr; cash_by_year FLAT ILLUSTRATIVE over 6y decision horizon"
cmt_gent_cultuur_28orgs,Gent structural culture subsidies 28 organisations package,city_gent,28 culture organisations,Stad Gent cultuurbesluit,2026-05-28,2026,2031,48000000,"{""2026"":8000000,""2027"":8000000,""2028"":8000000,""2029"":8000000,""2030"":8000000,""2031"":8000000}",40000000,active,,Structural culture support,Full beneficiary list FOI/register,src_gent_cultuur_8m,strong,Gent>Cultuur>structural_28,"~8m/yr; cash_by_year FLAT ILLUSTRATIVE 6y"
cmt_gent_cultuur_total_pot,Gent culture subsidies annual pot (after cuts),city_gent,Culture sector aggregate,Meerjarenplan / cultuurbudget,2025-12-04,2026,2026,10000000,"{""2026"":10000000}",0,active,,Culture offer accessibility,Track 1.4m cut detail,src_gent_cultuur_10m,medium,Gent>Cultuur>total_pot,"~10m/year after cuts"
cmt_gent_savings_plan,Gent operating expenditure savings target (not a subsidy),city_gent,City of Ghent,Meerjarenplan 2026-2031,2025-11-17,2026,2031,720000000,"{""2026"":120000000,""2027"":120000000,""2028"":120000000,""2029"":120000000,""2030"":120000000,""2031"":120000000}",600000000,planned,,Fiscal consolidation,Monitor delivery vs cuts list,src_gent_mjp_120m,strong,Gent>budget>savings_target,"120m/yr planned savings; multi-year model of savings not spend"
cmt_awex_2026,AWEX export agency budget (constant),wallonie_gov,AWEX,Walloon government / AWEX feuille de route 2026-2029,2026-01-21,2026,2026,76000000,"{""2026"":76000000}",0,active,,Export promotion Wallonia,Recentering; outcome KPIs,src_awex_76m,strong,Wallonie>Economie>AWEX,"Trends/Le Vif: budget constant 76 mEUR without indexation 2026-2029 plan"
cmt_wal_facultative_subs_cut_2026,Wallonie subventions facultatives reduction 2026,wallonie_gov,Multiple facultative grant recipients,Budget wallon initial 2026,2025-10-20,2026,2026,8000000,"{""2026"":8000000}",0,planned,,Fiscal consolidation facultative grants,Publish list of cut lines,src_wal_budget_2026_cp,strong,Wallonie>subsidies>facultatives,"Gov CP: 8 mEUR reduction of facultative subsidies in 2026 budget"
cmt_wal_structural_savings_2026,Wallonie structural savings package 2026,wallonie_gov,Multiple programmes,Budget wallon initial 2026,2025-10-20,2026,2026,270400000,"{""2026"":270400000}",0,planned,,Path to balance 2029,Track delivery by theme,src_wal_budget_2026_cp,strong,Wallonie>budget>structural_savings,"Official: 270.4 mEUR structural savings 2026 (268m in 2025)"
cmt_tec_otw_cut_2025,OTW/TEC Wallonie budget pressure (cited cut),wallonie_gov,OTW / TEC,Budget mobilite Wallonie,2024-11-12,2025,2025,45000000,"{""2025"":45000000}",0,active,,Public transport operator financing,Verify official OTW accounts,src_tec_45m,medium,Wallonie>Mobilite>TEC,"Canopea: 45 mEUR cited on OTW/TEC in 2025 budget context — verify primary"
cmt_wal_ape_savings_2026,APE employment aid savings (budget 2026 effort),wallonie_gov,APE beneficiaries / local gov,Budget wallon 2026,2025-10-20,2026,2026,83000000,"{""2026"":83000000}",0,planned,,Employment promotion aid reform,Full APE TCO still UNKNOWN,src_wal_ape_83m,medium,Wallonie>Emploi>APE,"Press/RTBF class: APE savings order ~83-100m in 2026 package — use 83m understatement pending official table"
cmt_actiris_2026,Actiris Brussels PES operating budget,actiris,Actiris,Brussels regional budget,2026-04-16,2026,2026,689000000,"{""2025"":727000000,""2026"":689000000}",0,active,,Public employment service Brussels,Efficiency reform; headcount scrutiny,src_actiris_budget_2026,strong,Brussels>Emploi>Actiris,"727m 2025 ? 689m 2026 (-38m)"
cmt_vdab_savings_path,VDAB Flanders PES savings trajectory,vdab,VDAB,Vlaamse regering,2025-09-29,2025,2028,160000000,"{""2025"":20000000,""2027"":40000000,""2028"":80000000}",,planned,,PES efficiency / fiscal consolidation,Publish full VDAB budget TCO,src_vdab_savings,strong,Vlaanderen>WEWIL>VDAB,"Savings path: 20m 2025 then accelerated 40m 2027 vs 20m plan; cumulative to 80m by 2028 per BBT Werk class"
cmt_hulpkas_admin_2025,Hulpkas unemployment payment institution annual budget,hulpkas,Hulpkas,Social security / federal budget line,2025-01-01,2025,2025,6084000,"{""2025"":6084000}",0,active,,Pay unemployment benefits without union affiliation,Merge into single digital public payer,src_hulpkas_budget_2025,strong,Federal>SS>unemployment>Hulpkas,"Admin budget only — benefit euros flow separately via social security"
cmt_stib_2026,STIB financing from BCR budget 2026,brussels_gov,STIB,Budget BCR programme 42.112,2026-03-13,2026,2026,1167619000,"{""2026"":1167619000}",0,active,,Public transport Brussels,Outcome KPIs; fare vs subsidy,src_ccrek_bru_2026,strong,Brussels>Mobilite>STIB,"Cour des comptes Table 9: 1.167619 bn liquidation credits"
cmt_bru_titres_services_2026,BCR titres-services support programme 2026,brussels_gov,Titres-services operators/workers,Budget BCR programme 44.048,2026-03-13,2026,2026,303832000,"{""2026"":303832000}",0,active,,Household services employment,Compare Flanders dienstencheques TCO,src_ccrek_bru_2026,strong,Brussels>Emploi>titres-services,"Table 9: 303832 kEUR"
cmt_antwerp_opex,Antwerp city operating budget annual,city_antwerpen,Stad Antwerpen,Meerjarenplan 2026-2031,2025-10-13,2026,2031,13800000000,"{""2026"":2300000000}",,active,,City services operations,Open budget dashboard,src_antwerp_mjp_2026,strong,Antwerpen>budget>opex,"2.2-2.4bn/yr; 6y mid envelope illustrative 6*2.3bn"
cmt_antwerp_invest_mjp,Antwerp MJP investment envelope,city_antwerpen,Stad Antwerpen,Meerjarenplan 2026-2031,2025-10-13,2026,2031,2400000000,"{""2026"":400000000}",,active,,Capex roads buildings infra,Publish project list NPV,src_antwerp_mjp_2026,strong,Antwerpen>budget>invest,"Record 2.4bn over 6 years 400m/yr"
cmt_toneelhuis_stad,Toneelhuis Antwerp city working subsidy,city_antwerpen,Toneelhuis,City culture subsidy,2022-05-17,2022,2025,2740000,"{""2025"":2740000}",0,active,,Municipal theatre,Confirm post-2025 amount FOI,src_toneelhuis_city_2_74m,medium,Antwerpen>Cultuur>Toneelhuis,"VRT 2022: city gives 2.74m/yr fixed until 2025 — refresh for 2026+"
cmt_antwerp_safety_domain,Antwerp safety policy domain share,city_antwerpen,Police safety services,City budget domain,2026-01-14,2026,2026,460000000,,,active,,Safety public order,Outcome crime KPIs,src_antwerp_safety_fifth,medium,Antwerpen>Veiligheid,"PVDA analysis: ~1/5 of ~2.3bn budget >400m — medium secondary"
cmt_fed_facultative_subsidies,Federal facultative discretionary subsidies envelope,sec_federal,Ministers discretionary grant programmes,Federal budget / toelagenregister,2025-01-01,2025,2029,900000000,"{""2025"":900000000}",,active,,Discretionary policy grants,Cut low-ROI lines; publish L5,src_bosa_toelagenregister_2025,strong,Federal>subsidies>facultatief,"~900m envelope; government target -200m structural from 2029"
cmt_fed_facultative_cut_200m,Federal facultative subsidy structural cut path,sec_federal,Budget / Van Peteghem,Coalition budget path,2026-07-17,2029,2029,200000000,"{""2029"":200000000}",,planned,,Efficiency of discretionary grants,Execute cut with open criteria,src_bosa_toelagenregister_2025,strong,Federal>subsidies>facultatief_cut,"Structural 200m savings from 2029 on facultative pot"
cmt_rail_sector_savings_675m,NMBS+Infrabel rail-sector savings demand 2025-2029,nmbs,NMBS and Infrabel,Federal rail PSO financing,2025-01-01,2025,2029,675000000,,,active,,Public service rail financing,Transparent annual split NMBS vs Infrabel,src_nmbs_results_2025,strong,Federal>Mobiliteit>spoor>savings,"NMBS press 2026-04-02: 675m savings demanded of rail sector over 2025-2029"
cmt_rail_cut_2026_100m,2026 railway budget cut split SNCB/Infrabel,nmbs,NMBS Infrabel,Federal budget 2026,2026-01-15,2026,2026,100000000,"{""2026"":100000000}",0,active,,Budget consolidation mobility,Publish measure list,src_bt_rail_cuts_2026,strong,Federal>Mobiliteit>spoor>cut2026,"100m 2026: SNCB 60m Infrabel 40m (Belga)"
cmt_de_lijn_dotatie_annual,De Lijn Vlaamse exploitatiedotatie annual envelope,de_lijn,De Lijn VVM,Openbaredienstencontract Vlaanderen,2023-01-01,2023,2026,1140000000,"{""2023"":1140000000}",,active,,Flanders bus tram public service,Publish official cash-by-year; FOI 2024-26,src_delijn_dotatie_1_14bn,medium,Vlaanderen>MOW>De_Lijn>dotatie,"2023 ~1.14bn medium press; 2025 absolute still unknown after -27.5m delta strong"
cmt_de_lijn_ebus_400m,De Lijn e-bus fleet extra investment Flanders,de_lijn,De Lijn,Vlaamse Regering investment,2025-01-01,2025,2027,400000000,"{""2025"":400000000}",0,active,,Zero-emission bus fleet,Outcome km electric share KPI,src_delijn_results_2025,strong,Vlaanderen>MOW>De_Lijn>ebus,"400m extra; 652 e-buses ordered 2025"
cmt_de_lijn_savings_2026_imposed,De Lijn imposed Flemish savings 2026,de_lijn,De Lijn,Vlaamse begroting 2026,2026-01-01,2026,2026,35500000,"{""2026"":35500000}",0,active,,Budget consolidation,Low-ridership lines efficiency,src_delijn_results_2025,strong,Vlaanderen>MOW>De_Lijn>besparing,"Vlaamse overheid 35.5m imposed; plus internal 45m hefbomen recurrent 2026"
cmt_de_lijn_hefbomen_45m,De Lijn internal efficiency levers recurrent 2026,de_lijn,De Lijn,Openbaredienstencontract hefbomen,2026-01-01,2026,2026,45000000,"{""2026"":45000000}",0,active,,Internal efficiency,Track service quality impact,src_delijn_results_2025,strong,Vlaanderen>MOW>De_Lijn>hefbomen,"Recurrent 45m internal savings 2026 on top of 35.5m imposed"
cmt_nbb_ent_subs_package,BE subsidies+investment grants to enterprises annual,gg_belgium,Resident producers/corporations,ESA D.3+D.92 NBB scope,2024-01-01,2024,2024,25100000000,"{""2024"":25100000000}",0,active,,Competitiveness employment green R&D,Spending reviews; cut low-ROI wage subsidies,src_nbb_subsidies_ent_2025,strong,BE>ESA>subsidies_enterprises,"25.1bn 2024 = 4.1% GDP; ~2/3 wage subsidies; BE 1.5pp GDP above neighbours on this package (press/NBB)"
cmt_nmbs_subsidy_cut_250m,Federal NMBS subsidy cut path by 2029,nmbs,NMBS,Coalition agreement federal,2025-01-01,2029,2029,250000000,"{""2029"":250000000}",,planned,,Public service rail affordability,Transparent annual toelage,src_nbb_subsidies_ent_2025,strong,Federal>Mobiliteit>NMBS>cut,"NBB cites coalition: SNCB subsidies reduced 250m by 2029"
cmt_nmbs_esa_d31,NMBS federal ESA D.31 operating subsidies multi-year,nmbs,NMBS,National accounts subsidies on products,2000-01-01,2000,2024,1127000000,"{""2000"":965000000,""2023"":1284000000,""2024"":1127000000}",,active,,Public service passenger rail affordability,Publish budget cash vs ESA; deliver on time,src_nbb_subsidies_ent_2025,strong,Federal>Mobiliteit>NMBS>D31,"NBB A1 NAI; D.31 only — add D.92 for full federal support package"
cmt_nmbs_esa_d92,NMBS federal ESA D.92 investment grants multi-year,nmbs,NMBS,National accounts investment grants,2000-01-01,2000,2024,830000000,"{""2000"":784000000,""2023"":767000000,""2024"":830000000}",,active,,Rolling stock ateliers buildings,Open project list,src_nbb_subsidies_ent_2025,strong,Federal>Mobiliteit>NMBS>D92,"Almost all federal inv grants to public enterprises"
cmt_infrabel_fed_invest_2026,Infrabel federal investment share 2026 budget,infrabel,Infrabel,Federal capital budget (BOSA),2026-01-01,2026,2026,1105000000,"{""2026"":1105000000}",0,active,,Rail infrastructure,Note Infrabel in general government ESA unlike NMBS,src_fpb_budget_2027,strong,Federal>Mobiliteit>Infrabel>invest,"17pct of 6.5bn federal invest; not NMBS D.92"
cmt_nmbs_savings_path_663m,NMBS savings path structural end legislature,nmbs,NMBS,Coalition/Arizona rail savings,2025-01-01,2025,2029,663000000,"{""2026"":188000000,""2029"":663000000}",,planned,,Budget consolidation rail,Transparent annual measures list,src_vrt_nmbs_savings_663m,medium,Federal>Mobiliteit>NMBS>savings,"VRT Jan 2025: 188m next year rising to 663m structural — corrects MR 2.1bn claim"
cmt_defence_2pct_path,Belgium NATO defence effort 2pct GDP path,mod_defensie,Belgian Defence,Regeerakkoord 31 Jan 2025 + Strategic Vision 2025,2025-01-01,2025,2034,12800000000,"{""2025"":12800000000}",,active,,Collective defence deterrence,Transparent COFOG vs NATO perimeter,src_strategic_vision_def_2025,strong,Federal>Defensie>NATO_2pct,"Official: 2pct GDP from 2025 (halt any decline); 2.5pct by 2034; euro amount GDP-linked"
cmt_defence_capacity_2026_34,Defence capacity investment programme 2026-2034,mod_defensie,Belgian Defence,Strategic Vision + military programming law,2026-01-01,2026,2034,33784153531,"{""2026_2034_commit"":33784153531,""2026_2034_pay"":24661004760}",,active,,Equipment capability rebuild,KPIs readiness stocks; industrial return,src_strategic_vision_def_2025,strong,Federal>Defensie>capaciteit,"Vastlegging 33.784bn / vereffening 24.661bn constant 2026 EUR Annex C"
cmt_pro_diesel_phaseout,Professional diesel excise reimbursement phase-down,fod_finance,Professional road diesel users >7.5t etc,Art.429 partial refund schedule,2021-01-01,2021,2026,557830000,"{""2021"":905800000,""2024"":557830000}",,active,,Freight competitiveness,Accelerate phase-out; road pricing alternative,src_fps_ffs_2026,strong,Federal>taxex>pro_diesel,"Rates ~0.2476€/l peak → 0.1935 (2024) 0.1924 (2025) 0.1913 (2026); FFS bench 831.2m 2024"
cmt_gg_interest,General government interest expense multi-year,gg_interest,Bondholders creditors,ESA D.41 interest payable S.13,2021-01-01,2021,2025,14282000000,"{""2021"":8581000000,""2022"":8755000000,""2023"":11677000000,""2024"":13524000000,""2025"":14282000000}",,active,,Service public debt,Primary surplus path to curb snowball,src_nbb_edp_2025_apr,strong,GG>interest,"Fourth consecutive absolute rise; 2.2pct GDP 2024-25; debt 107.9pct GDP end-2025; NBB projects deficit still widens so interest burden rises further"
cmt_gg_debt_path,General government debt ratio multi-year path,gg_belgium,Bondholders / taxpayers,ESA EDPs debt-to-GDP S.13,2025-01-01,2025,2030,692733000000,"{""2025_pct_gdp"":107.9,""2026_pct_nbb"":111.3,""2027_pct_nbb"":112.9,""2028_pct_nbb"":114.8,""2030_pct_fpb"":120,""2025_eur_est"":692733000000}",,active,,Stock of past deficits,Primary surplus; structural reform; stop snowball,src_nbb_proj_jun2026,strong,GG>debt,"Outturn 107.9% 2025 (EDP); NBB Jun2026 proj ~115% 2028; FPB Jun2025 ~120% 2030; not waste — fiscal constraint"
cmt_vl_bo2026_total,Flanders consolidated expenditure envelope BO2026 then BA2026,vlaanderen_gov,Flemish policy domains and agencies,Begrotingsopmaak + aanpassing 2026,2026-01-01,2025,2026,67100000000,"{""2025_ba_vek"":66470000000,""2026_bo_headline"":66000000000,""2026_bo_vek"":66030000000,""2026_ba_uitgaven"":67100000000,""2026_ba_ontvangsten"":62200000000,""2026_ba_saldo"":-3600000000,""2026_ba_saldo_doel"":-2180000000}",,active,,Education care infra mobility services,Deliver toward 2027 balance path; open L5,src_ccrek_vl_ba2026,strong,Vlaanderen>BA2026>total,"BA2026 supersedes BO: uitgaven 67.1bn receipts 62.2bn; saldo -3.6 / -2.18 vs doel; VEK +1.081bn VAK +3.034bn incl Lantis 2.5bn"
cmt_fed_debt_bda,Federal Entity I debt stock BDA multi-year,sec_federal,Bondholders (OLO TC EMTN),Belgian Debt Agency federal debt,2024-12-31,2024,2026,552690000000,"{""2024"":518680000000,""2025"":552690000000,""2026_06_30"":567615000000}",,active,,Finance federal deficits and rollovers,Primary surplus path; long maturity buffer,src_bda_review_2025_2026,strong,Federal>DebtAgency>gross_debt,"BDA cash stock ≠ GG ESA 692.7bn; avg life 9.98y end-2025; fixed 87.4pct; 12m refi risk 15.64pct"
cmt_gg_primary_path,GG primary balance multi-year path vs stabilising,gg_belgium,Taxpayers / bondholders,ESA primary balance S.13,2025-01-01,2025,2028,-2.9,"{""2025_pct"":-2.9,""2026_pct"":-2.8,""2027_pct"":-2.7,""2028_pct"":-2.7,""imf_stabilize_pct"":0.3,""gap_ppt_2025"":3.1,""gap_eur_2025_est"":19902000000}",,active,,Fiscal sustainability debt control,Close ~3ppt primary gap; MTFSP +2.4pp structural primary 2025-29,src_nbb_proj_jun2026,strong,GG>primary_balance,"NBB Jun2026 primary stuck ~-2.7 to -2.9pct while interest widens overall deficit to -5.7; snowball active"
cmt_be_mtfsp_2025_29,Belgium MTFSP net expenditure and SPB path 2025-2029,gg_belgium,EU fiscal surveillance / taxpayers,Reg (EU) 2024/1263 national plan,2025-03-14,2025,2029,0,"{""net_exp_growth_2025"":3.6,""net_exp_growth_2026"":2.5,""net_exp_growth_2027"":2.5,""net_exp_growth_2028"":2.1,""net_exp_growth_2029"":2.1,""net_exp_avg_5y"":2.56,""spb_2025"":-1.8,""spb_2026"":-1.2,""spb_2027"":-0.7,""spb_2028"":0.0,""spb_2029"":0.6,""spb_improve_pp"":2.4,""deficit_2029"":-3.0,""debt_plan_2029"":106.7}",,active,,Correct excessive deficit; put debt on downward path,Deliver net exp caps; Entity I/II split; spending reviews,src_be_mtfsp_2025,strong,BE>EU>MTFSP,"Council endorsed Jun 2025; 7y adjustment; plan debt peak 107.3 then 106.7 — actual 2025 already 107.9; NBB PB worse than plan"
cmt_vl_debt_path,Flanders consolidated Maastricht debt multi-year,vlaanderen_gov,Bondholders / Finance Flanders,Maastricht/ESA regional debt stock,2025-12-31,2025,2026,56971100000,"{""2025"":50171900000,""2026_bo"":56551500000,""2026_ba"":56971100000,""direct_2025"":42396600000,""direct_2026_ba"":49801600000,""delta_2025_to_ba"":6799100000,""ratio_receipts_pct"":91.6}",,active,,Finance Flanders deficits and infra,Return toward schuldnorm; primary surplus path,src_ccrek_vl_ba2026,strong,Vlaanderen>schuld,"+13.5pct y/y; Fitch AA- S&P AA- Moody A1; net asset -13.3bn end-2024; not GG ESA double-count"
cmt_entity_mtfsp_split,Entity I/II MTFSP net-expenditure effort split + SWA ratification,gg_belgium,Federal SS Communities Regions,HRF verdeelsleutel 3 + Overlegcomité SWA Mar 2026,2025-04-18,2025,2031,0,"{""method"":""share_final_primary_exp_plus_own_receipts"",""enti_avg_2025_31"":2.72,""vl_avg_2025_31"":2.68,""swa_overleg"":""2026-03-27"",""vl_principieel_decreet"":""2026-05-08"",""fed_ministerraad_draft"":""2026-05-13"",""parliament_assent"":""in_progress"",""enti_netexp_2025_bn"":190.3,""enti_netexp_2026_bn"":196.9,""enti_control_cum_flex_2026_pct_gdp"":-0.71}",,active,,Allocate EU net exp path; operationalise control accounts,Complete multi-parliament assent; publish HRF entity ledgers,src_overleg_governance_2026,strong,BE>governance>Entity_split,"SWA replaces 2013; governments OK; full parliamentary assent not confirmed this tick; Entity I illustrative control account in Kamer budget docs"
cmt_vl_non_maastricht_fed,Flanders non-Maastricht federal claims stock,vlaanderen_gov,Federal government (FPS Finance/BOSA class),Historical BFW/hospital infra settlements,2026-01-01,2026,2035,2658100000,"{""hospital_infra"":2184300000,""autonomiefactor"":473800000,""total"":2658100000,""in_maastricht"":false}",,active,,Settle pre-split federal-regional balances,Publish amortisation calendar in budget docs,src_ccrek_vl_ba2026,strong,Vlaanderen>schuld>non_Maastricht,"Rekenhof: stocks known but dropped from algemene toelichting; FOI gap_vl_non_maastricht_claims"
cmt_vl_netexp_hrf,Flanders net expenditure vs HRF sleutel3 path,vlaanderen_gov,EU/HRF fiscal surveillance,MTFSP entity path + BO/BA2026,2025-01-01,2025,2026,62036000000,"{""2025_netexp"":62036000000,""2026_netexp"":61296000000,""2026_after_drm"":60761000000,""growth_2026_pct"":-2.1,""hrf_cap_2026_pct"":2.17,""margin_pp"":-4.23,""ba2026_recalc"":""stale_per_rekenhof""}",,active,,Comply with entity net-exp cap,Update calc on final BA figures each round,src_vl_eval_bo2026_netexp,strong,Vlaanderen>HRF>net_exp,"BO2026 strongly under cap; Rekenhof: BA2026 toelichting not on final BA numbers — transparency gap not EUR invent"
cmt_wal_budget_2026,Wallonia initial budget 2026 envelope + SEC path,wallonie_gov,Regional programmes UAP,Budget initial 2026 + DPR trajectory,2026-01-01,2025,2029,21335748000,"{""2025_dep"":22029416000,""2026_dep"":21335748000,""2026_rec"":18515734000,""2026_sec"":-2015736000,""2025_sec"":-2286495000,""savings_2026"":270400000,""sec_path_2027"":-1124000000,""sec_path_2028"":-600000000,""sec_path_2029"":39000000}",,active,,Regional services + consolidation path,Track adaptation mid-year; open L5 grants,src_wallonie_expgen_2026,strong,Wallonie>budget2026,"Dépenses down 0.69bn y/y; SEC improves 0.27bn; structural cuts 270m"
cmt_fwb_budget_2026,FWB budget 2026 envelope initial and adjusted,fwb_gov,Education culture social community services,Budget initial + ajustement 2026,2026-01-01,2026,2029,15406879000,"{""2026_init_dep"":15406879000,""2026_init_rec"":13602000000,""2026_init_sec"":-1608000000,""2026_adj_dep"":15590000000,""2026_adj_rec"":13670000000,""2026_adj_deficit"":1770000000,""edu_2026"":10928638000,""sec_path_2029"":-1224000000}",,active,,Education salaries + community policies,Deliver 500m net effort path to 2029,src_fwb_elements_cles_2026,strong,FWB>budget2026,"Initial dep 15.41bn SEC -1.61bn; adjusted dep 15.59bn deficit 1.77bn; edu ~71pct"
cmt_bru_budget_2026,Brussels-Capital Region budget 2026 SGRBC + SEC path,brussels_gov,Regional services STIB Actiris OAA,Budget initial 2026 + trajectory to SEC balance 2029,2026-01-01,2025,2029,8000000000,"{""sgrbc_liq_2026"":8000000000,""sgrbc_eng_2026"":8900000000,""sec_2026"":-956600000,""net_financer_2026"":-1746400000,""debt_consol_2025"":16100000000,""debt_path_2029"":19100000000,""stib_2026"":1167619000,""actiris_2026"":648113000}",,active,,Mobility employment local services,Open net primary exp growth vs HRF -0.61pct 2026,src_ccrek_bru_2026,strong,Bruxelles>budget2026,"SGRBC 8.0/8.9bn; SEC -0.96bn; debt 16.1bn end-2025; path balance 2029"
cmt_fuel_cards,Fuel cards PIT SSC tax expenditure multi-year,fod_finance,Company-car fuel card holders,Income tax + SSC preferential treatment,2021-01-01,2021,2024,661600000,"{""2021"":688200000,""2022"":1119300000,""2023"":852800000,""2024"":661600000}",,active,,Employer-paid fuel fringe,Phase fossil fuel cards with EV transition,src_fps_ffs_2026,strong,Federal>taxex>fuel_cards,"Peak 2022 energy crisis; decline via electrification; +VAT 52.8m 2024"
cmt_bpost_esa_d31,bpost federal ESA D.31 subsidies multi-year,bpost,bpost,National accounts product subsidies,2000-01-01,2000,2024,329000000,"{""2000"":215000000,""2023"":324000000,""2024"":329000000}",,active,,Universal postal + residual press/PSO,Split USO vs residual FOI; complete press phase-out,src_nbb_subsidies_ent_2025,strong,Federal>bpost>D31,"ESA total not equal to press concession alone"
cmt_offshore_esa_d31,Offshore wind federal ESA D.31 multi-year,sec_federal,Offshore wind parks,GSC/CfD environmental subsidies,2023-01-01,2023,2024,592000000,"{""2023"":283000000,""2024"":592000000}",,active,,Renewable generation,Reconcile with CREG cash series FOI,src_nbb_subsidies_ent_2025,strong,Federal>Energy>offshore_wind>ESA,"ESA national accounts path; 2024 jump large"
cmt_riziv_global,RIZIV global health insurance budget multi-year,riziv,Patients providers sickness funds,Verzekering geneeskundige verzorging,2025-01-01,2025,2026,46775000000,"{""2025"":45222000000,""2026"":46775000000}",,active,,Universal health insurance access,Targeted efficiency not crude cuts,src_riziv_budget_2026,strong,SS>RIZIV>global,"Official RIZIV AR approvals; +1.55bn y/y global"
cmt_riziv_care_authorized,RIZIV authorized medical benefits multi-year,riziv_care,Providers patients,Terugbetaling geneeskundige verstrekkingen,2025-01-01,2025,2026,40986000000,"{""2025"":39712000000,""2026"":40986000000}",,active,,Reimburse medically necessary care,Audit inappropriate care; protect access,src_riziv_budget_2026,strong,SS>RIZIV>care,"+1.274bn / +3.2% 2026; correction package 470.8m"
cmt_bpost_subsidy_cut_50m,Bpost subsidy reduction forthcoming contract,bpost,bpost,Federal PSO contract,2024-01-01,2027,2027,50000000,,,planned,,Postal public service,Phase newspaper delivery subsidy,src_nbb_subsidies_ent_2025,strong,Federal>bpost>cut,"Coalition: -50m in forthcoming Bpost contract; newspaper contract ended 2023"
cmt_wal_ape_2023,Wallonia APE employment aid annual,wallonie_gov,Non-market employers,APE employment promotion,2023-01-01,2023,2023,543000000,"{""2023"":543000000}",0,active,,Jobs for Forem-registered unemployed,Evaluate deadweight,src_nbb_subsidies_ent_2025,strong,Wallonie>Emploi>APE,"NBB 543m 2023"
cmt_eiwt_package,Federal EIWT partial remittance exemptions package,fod_finance,Employers retaining withheld PIT,Wetboek IB art 275 series,2021-01-01,2021,2024,4356060000,"{""2021"":3900000000,""2024"":4356060000}",,active,,Labour cost competitiveness R&D night shift,Spending review; control as Rekenhof; cut low-ROI,src_fps_taxex_xlsx,strong,Federal>taxex>EIWT,"FPS sum 4.356bn 2024; Rekenhof 3.9bn 2021; grows fast"
cmt_liege_oprl,Liège city subsidy Orchestre Philharmonique Royal,city_luik,OPRL,Budget ordinaire arts,2024-01-01,2024,2026,795000,"{""2024"":795000,""2025"":795000,""2026"":795000}",0,active,,Municipal philharmonic,Outcome KPIs; open multi-year,src_liege_budget_ord_2026,strong,Liège>Culture>OPRL,"Budget lines 7720/33203 flat 795k 2024-26"
cmt_liege_opera_royal,Liège city subsidy Opéra Royal de Wallonie,city_luik,Opéra Royal de Wallonie,Budget ordinaire théâtre royal,2024-01-01,2024,2026,428000,"{""2024"":428000,""2025"":428000,""2026"":428000}",0,active,,Regional opera house city co-funding,Note FWB main funder separate,src_liege_budget_ord_2026,strong,Liège>Culture>Opera_Royal,"City line 428k; FWB separately ~5m class press — not double-count"
cmt_liege_theatre_emulation,Liège city subsidy Théâtre de Liège Emulation,city_luik,Théâtre de Liège,Budget ordinaire,2024-01-01,2024,2026,263000,"{""2024"":263000,""2025"":263000,""2026"":263000}",0,active,,Municipal theatre,Open evaluation,src_liege_budget_ord_2026,strong,Liège>Culture>Theatre_Emulation,"263k stable 2024-26"
cmt_liege_ciac,Liège city subsidy Centre International Art Culture,city_luik,CIAC,Budget musées,2024-01-01,2024,2026,180000,"{""2024"":180000,""2025"":180000,""2026"":180000}",0,active,,Art centre,Open evaluation,src_liege_budget_ord_2026,strong,Liège>Culture>CIAC,"180k stable"
cmt_liege_trianon,Liège city subsidy Théâtre du Trianon Art Wallon,city_luik,Société Royale Encouragement Art Wallon,Budget ordinaire,2024-01-01,2024,2026,114750,"{""2024"":150000,""2025"":127500,""2026"":114750}",0,active,,Theatre,Declining subsidy path,src_liege_budget_ord_2026,strong,Liège>Culture>Trianon,"Cut path 150k->114.75k"
cmt_bpost_press_concession,bpost federal press distribution concession multi-year,bpost,bpost publishers,State press distribution concession,2016-01-01,2023,2027,125000000,"{""2023"":125000000,""2024"":75000000}",,ending,,Affordable newspaper magazine delivery,Phase-out complete by 2027; no automatic replacement,src_bpost_press_125m,strong,Federal>bpost>press_concession,"125m/yr class then 75m H1-2024 extension; full scrap saves 125m/yr from 2027 (govt); NBB phase-out to 2027"
cmt_bpost_overcomp_repay,bpost overcompensation repayment provision to State,bpost,Belgian State,Compliance reviews state contracts,2023-09-22,2023,2024,82500000,"{""2023"":82500000}",0,active,,Correct overpaid state service contracts,Close compliance; transparent contracts,src_bpost_analyst_4q23,strong,Federal>bpost>overcompensation,"Provision 82.5m (75+7.5) for traffic fines 679 accounts licence plates overcompensation"
cmt_offshore_eastern_lifetime_support,Offshore wind eastern zone lifetime support estimate,sec_federal,9 eastern zone parks,GSC feed-in / FiP + connection,2010-01-01,2010,2045,12680000000,"{""2021_cum"":3620000000,""2023"":179400000}",,active,,Renewable capacity climate targets,Tender PEZ; CREG LCOE cap; clawback high prices,src_rekenhof_offshore_2023,strong,Federal>Energy>offshore_wind,"Minister North Sea Feb 2020 estimate 12.68bn full life; EC notification had used 10bn; 2023 cost 179.4m CREG; high prices cut variable FiP"
cmt_offshore_support_cum_2021,Offshore wind cumulative production+connection support to 2021,sec_federal,Eastern zone parks,Federal support mechanisms,2010-01-01,2010,2021,3620000000,"{""2021"":3620000000}",0,active,,Build operate offshore wind,Already paid through 2021,src_rekenhof_offshore_2023,strong,Federal>Energy>offshore_wind,"3.41bn production + 0.209bn connection"
cmt_maribel_ss,Maribel Social Funds SS-sector wage subsidies annual,maribel_funds,Non-profit healthcare social employers,Social Maribel multi-fund system,2000-01-01,2023,2024,1461000000,"{""2000"":378000000,""2023"":1460000000,""2024"":1461000000}",0,active,,Extra non-profit employment,Outcome FTE additionality audit; open sector funds,src_nbb_subsidies_ent_2025,strong,SS>Maribel,"NBB A2; nearly half of all SS enterprise subsidies; federal add-on ~59m 2024"
cmt_brugge_politie,Brugge city subsidy police zone,city_brugge,Politiezone Brugge,Nominatieve werkingssubsidie MJP,2026-01-01,2026,2026,33750000,"{""2026"":33750000}",0,active,,Local police,Outcome crime KPIs,src_brugge_mjp_2026,strong,Brugge>Veiligheid>Politie,"Largest nominative line 33.75m 2026"
cmt_brugge_hulpverleningszone,Brugge contribution Hulpverleningszone 1,city_brugge,HVZ Zone 1 West-Vlaanderen,Nominatieve werkingssubsidie,2026-01-01,2026,2026,10027454,"{""2026"":10027454}",0,active,,Fire rescue zone,Share formula 30.88pct,src_brugge_mjp_2026,strong,Brugge>Veiligheid>HVZ1,"10.027m 2026 incl kazerne financing cost"
cmt_brugge_plus_loon,Brugge Plus VZW wage subsidy,city_brugge,Brugge Plus VZW,Nominatieve loontoelage,2026-01-01,2026,2026,2755156,"{""2026"":2755155.80}",0,active,,City events culture EVA,Open performance KPIs,src_brugge_mjp_2026,strong,Brugge>Cultuur>Brugge_Plus,"2.755m loon + separate event lines"
cmt_brugge_concertgebouw_werk,Concertgebouw Brugge city operating subsidy,city_brugge,Concertgebouw Brugge VZW,Nominatieve werkingssubsidie,2026-01-01,2026,2026,705000,"{""2026"":705000}",0,active,,Concert hall,Plus 720k/yr building maintenance invest,src_brugge_mjp_2026,strong,Brugge>Cultuur>Concertgebouw,"705k werk + 720k invest onderhoud/yr"
cmt_brugge_concertgebouw_gevel,Concertgebouw facade shell investment co-funding,city_brugge,Concertgebouw Brugge VZW,Nominatieve investeringstoelage gevel,2026-01-01,2026,2028,6435000,"{""2026"":825000,""2027"":3760000,""2028"":1850000}",0,active,,Building shell renewal,Co-finance with Flanders,src_brugge_mjp_2026,strong,Brugge>Cultuur>Concertgebouw_gevel,"6.435m multi-year facade; text also cites 6.345m class"
cmt_brugge_entrepot,Entrepot youth culture city subsidy,city_brugge,het Entrepot VZW,Nominatieve werkingssubsidie,2026-01-01,2026,2026,894000,"{""2026"":894000}",0,active,,Youth culture venue,Open evaluation,src_brugge_mjp_2026,strong,Brugge>Jeugd>Entrepot,"894k 2026"
cmt_charleroi_plan_oxygene,Charleroi Plan Oxygène Walloon support path,city_charleroi,Ville de Charleroi,Région wallonne Plan Oxygène,2025-01-01,2025,2026,48000000,"{""2026"":48000000}",,active,,Municipal financial recovery,Ends end-2026 without extension risk,src_charleroi_budget_2026_press,medium,Charleroi>finances>Oxygene,"~48m Walloon Oxygène aid cited; city cut path ~40m RTBF"
cmt_charleroi_4p_transfers,Charleroi 4P transfer expenditure block,city_charleroi,Police pompiers pensions CPAS,Budget communal,2026-01-01,2026,2030,240303135,"{""2026"":240303135}",,active,,Mandated multi-level costs,Reform Fonds des communes; provincialise rescue,src_charleroi_budget_2026_press,medium,Charleroi>4P,"38pct of city spend 2026; path to 50pct 2030 per mayor"
cmt_charleroi_pba_reno_request,Charleroi PBA hall renovation regional grant request,city_charleroi,Palais des Beaux-Arts,Regional subsidy request,2025-11-13,2025,2027,7600000,"{""2025"":7600000}",,planned,,Culture infrastructure,Regional decision pending,src_charleroi_pba_7_6m,medium,Charleroi>Culture>PBA,"City requests 7.6m from higher authority — not yet a confirmed city L5 grant"
